,time_elapsed,batch,train_loss,test_loss
0,0.272721529006958,0,-0.039621710777282715,-0.08529521524906158
1,3.9453024864196777,49,-0.2248672389984131,-0.18997083604335785
2,7.685900926589966,99,-0.29003891050815583,-0.3048678934574127
3,9.171166896820068,149,-0.3110384985804558,-0.3158877193927765
4,12.924665689468384,199,-0.32458751916885376,-0.32009342312812805
5,16.55994486808777,249,-0.31301655381917953,-0.32242366671562195
6,20.333784103393555,299,-0.32693389534950257,-0.3021813631057739
7,24.062560319900513,349,-0.32718059003353117,-0.3251558840274811
8,27.88416075706482,399,-0.3410951089859009,-0.3365422487258911
9,31.510962963104248,449,-0.333154262304306,-0.34011542797088623
10,35.07773518562317,499,-0.33601144909858705,-0.29601192474365234
11,38.66917133331299,549,-0.3456654793024063,-0.32663485407829285
12,40.049070835113525,599,-0.33504714906215666,-0.3320772647857666
13,43.679431200027466,649,-0.349323633313179,-0.28922736644744873
14,47.28857064247131,699,-0.346866660118103,-0.31222647428512573
15,50.87231755256653,749,-0.35374111235141753,-0.328459769487381
16,54.418840646743774,799,-0.3553615212440491,-0.3088585138320923
17,57.98194169998169,849,-0.34449856996536254,-0.3294733762741089
18,61.47375679016113,899,-0.3600258231163025,-0.3379001319408417
19,64.98215675354004,949,-0.3502067881822586,-0.36026182770729065
20,68.49936294555664,999,-0.36104995906353,-0.32058054208755493
21,69.80759763717651,1049,-0.36261390924453735,-0.3554608225822449
22,73.39605760574341,1099,-0.360282261967659,-0.3615949749946594
23,76.97860836982727,1149,-0.36667820274829865,-0.34148961305618286
24,80.45505285263062,1199,-0.35280295193195343,-0.35581541061401367
25,83.80207252502441,1249,-0.37242605924606326,-0.31212317943573
26,87.3197865486145,1299,-0.3553423339128494,-0.3670162558555603
27,90.91053128242493,1349,-0.37023526966571807,-0.3631921112537384
28,94.46665167808533,1399,-0.36767212450504305,-0.36543095111846924
29,98.06990957260132,1449,-0.36491433024406433,-0.3391234874725342
30,99.52424001693726,1499,-0.3770256501436233,-0.3652231693267822
31,103.10475373268127,1549,-0.35584315061569216,-0.3165215849876404
32,106.65410947799683,1599,-0.3751738667488098,-0.35732758045196533
33,110.21256256103516,1649,-0.3691608649492264,-0.32102611660957336
34,113.757817029953,1699,-0.3693342864513397,-0.374940425157547
35,117.38555574417114,1749,-0.3753611445426941,-0.37377163767814636
36,120.99159789085388,1799,-0.366937980055809,-0.3686787784099579
37,124.60538101196289,1849,-0.383471959233284,-0.3724493384361267
38,128.14178609848022,1899,-0.36332702755928037,-0.36940351128578186
39,129.5354721546173,1949,-0.3746455842256546,-0.3676709830760956
40,133.07116293907166,1999,-0.378751734495163,-0.37199386954307556
41,136.59776854515076,2049,-0.37007948756217957,-0.3609195053577423
42,140.20519042015076,2099,-0.3780951178073883,-0.3794025182723999
43,143.80307006835938,2149,-0.3740538066625595,-0.35679784417152405
44,147.3941810131073,2199,-0.3862025558948517,-0.3198195695877075
45,150.79310774803162,2249,-0.37027915596961974,-0.3787391185760498
46,154.3383412361145,2299,-0.3787532436847687,-0.3838626742362976
47,157.9461829662323,2349,-0.38649088263511655,-0.37599658966064453
48,159.28337836265564,2399,-0.3676869177818298,-0.31958237290382385
49,162.74801921844482,2449,-0.38338228344917297,-0.37633976340293884
50,232.57269096374512,2499,-0.3856689655780792,-0.326909601688385
51,236.30421590805054,2549,-0.3840301537513733,-0.3135523200035095
52,239.99610137939453,2599,-0.3668382412195206,-0.3535177707672119
53,243.72231554985046,2649,-0.3894236081838608,-0.38142576813697815
54,247.29881811141968,2699,-0.3756586867570877,-0.3853132724761963
55,248.5719120502472,2749,-0.38310030460357664,-0.3836049735546112
56,252.27278900146484,2799,-0.38556570053100586,-0.31842389702796936
57,255.9765179157257,2849,-0.37730771183967593,-0.30393052101135254
58,259.56182503700256,2899,-0.39001661360263823,-0.3804349899291992
59,263.1885199546814,2949,-0.37184635043144226,-0.3819531500339508
60,266.8452408313751,2999,-0.38917686164379117,-0.38255298137664795
61,270.4198386669159,3049,-0.3865417271852493,-0.3655286133289337
62,273.96923780441284,3099,-0.37940819025039674,-0.3874134421348572
63,277.6147561073303,3149,-0.38960820734500884,-0.3655034899711609
64,279.014377117157,3199,-0.37785796880722045,-0.31077128648757935
65,282.4728801250458,3249,-0.3919154942035675,-0.38136833906173706
66,286.0058879852295,3299,-0.37662625014781953,-0.38503989577293396
67,289.5530467033386,3349,-0.38974718034267425,-0.3853202760219574
68,293.1996695995331,3399,-0.39165255427360535,-0.36731773614883423
69,296.72182178497314,3449,-0.3801907515525818,-0.3862459361553192
70,300.2776472568512,3499,-0.38998269498348237,-0.38225263357162476
71,303.86382508277893,3549,-0.38405311465263364,-0.35464271903038025
72,307.4515016078949,3599,-0.3957363110780716,-0.3155084550380707
73,308.68649411201477,3649,-0.38114388287067413,-0.3874753713607788
74,312.1672613620758,3699,-0.38787719666957854,-0.28477850556373596
75,315.6654019355774,3749,-0.3974176824092865,-0.3917310833930969
76,319.2580990791321,3799,-0.37798760533332826,-0.33720213174819946
77,322.8980040550232,3849,-0.3913140815496445,-0.3862588107585907
78,326.51158595085144,3899,-0.3853689885139465,-0.3791327178478241
79,329.9610517024994,3949,-0.3959259694814682,-0.38901853561401367
80,333.3466799259186,3999,-0.3868526291847229,-0.35276350378990173
81,336.7539885044098,4049,-0.3864570999145508,-0.3420722782611847
82,338.1152002811432,4099,-0.39954673647880556,-0.391031950712204
83,341.64308500289917,4149,-0.38279087901115416,-0.38251471519470215
84,344.97200441360474,4199,-0.39451767802238463,-0.38941290974617004
85,348.3076341152191,4249,-0.38685805022716524,-0.32267245650291443
86,351.8412232398987,4299,-0.3942686086893082,-0.38865000009536743
87,355.4497196674347,4349,-0.39435942947864533,-0.3895573318004608
88,359.0709147453308,4399,-0.38292158663272857,-0.3692686855792999
89,362.6779763698578,4449,-0.3996109813451767,-0.3792100250720978
90,366.2803816795349,4499,-0.38768710613250734,-0.3850579857826233
91,367.61940813064575,4549,-0.3935814255475998,-0.3764808773994446
92,371.2058517932892,4599,-0.39498546719551086,-0.38753366470336914
93,374.7856287956238,4649,-0.39094665050506594,-0.3210335075855255
94,378.36935591697693,4699,-0.3989407753944397,-0.37734439969062805
95,381.9912893772125,4749,-0.3848842167854309,-0.3534373939037323
96,385.57579231262207,4799,-0.4011631840467453,-0.3727474808692932
97,389.1559548377991,4849,-0.3881585896015167,-0.3508559763431549
98,392.76115918159485,4899,-0.396781792640686,-0.39209413528442383
99,396.3824346065521,4949,-0.3961765521764755,-0.39248448610305786
100,397.7091872692108,4999,-0.39220980763435365,-0.3298126459121704
101,401.28381752967834,5049,-0.4029096657037735,-0.3457048833370209
102,404.8203077316284,5099,-0.3841339349746704,-0.39732304215431213
103,408.42097091674805,5149,-0.4021135228872299,-0.39175233244895935
104,411.97450256347656,5199,-0.39585507929325103,-0.35787031054496765
105,415.54850339889526,5249,-0.39332615852355957,-0.39627090096473694
106,419.11640524864197,5299,-0.40074158132076265,-0.38890770077705383
107,422.70503306388855,5349,-0.39066650211811066,-0.3837709426879883
108,426.24354338645935,5399,-0.4061461627483368,-0.39406996965408325
109,427.615802526474,5449,-0.3908440601825714,-0.39063146710395813
110,431.0942602157593,5499,-0.3986330646276474,-0.38923904299736023
111,434.72217082977295,5549,-0.40298102974891664,-0.37163737416267395
112,438.33015847206116,5599,-0.3915538442134857,-0.39521685242652893
113,441.90648007392883,5649,-0.40068557024002077,-0.36426225304603577
114,445.54976081848145,5699,-0.3945280629396439,-0.3852323889732361
115,449.07582426071167,5749,-0.4062120097875595,-0.3245980739593506
116,452.52445816993713,5799,-0.39172808587551117,-0.39401450753211975
117,456.0365078449249,5849,-0.4010575169324875,-0.3331865072250366
118,457.3159053325653,5899,-0.40599934697151185,-0.39162662625312805
119,460.9146730899811,5949,-0.3885185217857361,-0.39318764209747314
120,464.455219745636,5999,-0.40263650596141815,-0.37958213686943054
121,467.9164237976074,6049,-0.39603990197181704,-0.37249451875686646
122,471.2187056541443,6099,-0.4060580801963806,-0.39416056871414185
123,474.68272256851196,6149,-0.39605443835258486,-0.3703332841396332
124,478.2336006164551,6199,-0.3992353683710098,-0.3536761999130249
125,481.86308693885803,6249,-0.41136116862297056,-0.3251485526561737
126,485.47982597351074,6299,-0.39146813929080965,-0.3543049395084381
127,489.13494849205017,6349,-0.4021528786420822,-0.366529643535614
128,490.5433557033539,6399,-0.3969978803396225,-0.3181542158126831
129,494.2085192203522,6449,-0.4076648491621018,-0.38347968459129333
130,497.8771197795868,6499,-0.4032337111234665,-0.39450836181640625
131,501.4629793167114,6549,-0.39240298271179197,-0.381714403629303
132,505.0274336338043,6599,-0.4093562340736389,-0.3866942226886749
133,508.5719220638275,6649,-0.3973029851913452,-0.3859720230102539
134,512.0275356769562,6699,-0.4040638279914856,-0.3827500641345978
135,515.5285108089447,6749,-0.4005876463651657,-0.38922595977783203
136,519.0871713161469,6799,-0.40398213028907776,-0.33832719922065735
137,520.4057698249817,6849,-0.4074035096168518,-0.38790279626846313
138,524.0253646373749,6899,-0.3953201526403427,-0.33271968364715576
139,527.6151204109192,6949,-0.41046376585960387,-0.3730930984020233
140,531.1907296180725,6999,-0.3995978659391403,-0.3537774384021759
141,534.7775483131409,7049,-0.4048370176553726,-0.39498141407966614
142,538.3814175128937,7099,-0.40777117252349854,-0.3429514169692993
143,542.0023982524872,7149,-0.39895883917808533,-0.3917875587940216
144,545.5159304141998,7199,-0.41237357795238494,-0.3808438777923584
145,549.0786519050598,7249,-0.39623542487621305,-0.39716681838035583
146,550.4029710292816,7299,-0.4119851869344711,-0.3925800919532776
147,554.0040602684021,7349,-0.40172632813453674,-0.3890435993671417
148,557.4470801353455,7399,-0.40397489845752715,-0.3668476641178131
149,561.041571855545,7449,-0.4082480680942535,-0.3691195845603943
150,564.6124465465546,7499,-0.39936887979507446,-0.374298095703125
151,568.1658809185028,7549,-0.4153599417209625,-0.39643678069114685
152,571.7661757469177,7599,-0.3992346912622452,-0.3881095051765442
153,575.3715424537659,7649,-0.4108539193868637,-0.39926114678382874
154,578.8751847743988,7699,-0.4096359610557556,-0.3286818265914917
155,579.9365408420563,7749,-0.398843936920166,-0.38419100642204285
156,583.324639081955,7799,-0.41190877139568327,-0.40032070875167847
157,586.7485272884369,7849,-0.4020556372404098,-0.39039942622184753
158,590.2502377033234,7899,-0.41629504203796386,-0.38121581077575684
159,593.6236796379089,7949,-0.4015663379430771,-0.4011872410774231
160,597.2328221797943,7999,-0.41135120928287505,-0.3793684244155884
161,600.8624205589294,8049,-0.41501124322414396,-0.38784757256507874
162,604.4896523952484,8099,-0.39813383042812345,-0.39621561765670776
163,608.1110079288483,8149,-0.4132524597644806,-0.37603795528411865
164,609.6150872707367,8199,-0.40482662796974184,-0.39388591051101685
165,613.2233009338379,8249,-0.41600394546985625,-0.3754618167877197
166,616.9230604171753,8299,-0.4047475630044937,-0.3701138496398926
167,620.611020565033,8349,-0.4100107789039612,-0.39740121364593506
168,624.2258267402649,8399,-0.4210910600423813,-0.31877878308296204
169,627.7827258110046,8449,-0.39608802378177643,-0.3428730368614197
170,631.3089451789856,8499,-0.41242033064365385,-0.38865765929222107
171,634.9296834468842,8549,-0.4083146744966507,-0.3950949013233185
172,638.5597951412201,8599,-0.4178525507450104,-0.3264075815677643
173,639.8719539642334,8649,-0.4114379024505615,-0.36965253949165344
174,643.4930801391602,8699,-0.4046103060245514,-0.39002981781959534
175,647.1578586101532,8749,-0.4191076332330704,-0.389291912317276
176,650.7501974105835,8799,-0.405685116648674,-0.3905555307865143
177,654.3514745235443,8849,-0.4145446354150772,-0.39111456274986267
178,657.9972634315491,8899,-0.4101999354362488,-0.4011054039001465
179,661.5792171955109,8949,-0.4157720190286636,-0.3962368667125702
180,665.1253616809845,8999,-0.41672382891178134,-0.3596698045730591
181,668.6440787315369,9049,-0.4036199325323105,-0.38506871461868286
182,669.9337158203125,9099,-0.42219738364219667,-0.3896506726741791
183,673.4408502578735,9149,-0.4065914469957352,-0.36629876494407654
184,677.1336696147919,9199,-0.4152097952365875,-0.3982124924659729
185,680.7123651504517,9249,-0.41570707857608796,-0.3183140754699707
186,684.1219227313995,9299,-0.4120130717754364,-0.3942871391773224
187,687.6717262268066,9349,-0.41995081782341004,-0.32479384541511536
188,691.3126051425934,9399,-0.40411410987377167,-0.39053335785865784
189,694.8461952209473,9449,-0.42125433444976806,-0.38954800367355347
190,698.3633368015289,9499,-0.4105499631166458,-0.39170408248901367
191,699.731600522995,9549,-0.4158171099424362,-0.3820907473564148
192,703.3510789871216,9599,-0.41980516374111176,-0.401405394077301
193,706.9172344207764,9649,-0.41075535655021667,-0.39806067943573
194,710.3844220638275,9699,-0.4239256590604782,-0.39962780475616455
195,713.8138189315796,9749,-0.4069953292608261,-0.39782997965812683
196,717.3905477523804,9799,-0.4201574343442917,-0.37227752804756165
197,721.046612739563,9849,-0.41857429206371305,-0.3837721347808838
198,724.6359701156616,9899,-0.4102899008989334,-0.4021185338497162
199,728.2461817264557,9949,-0.4233425033092499,-0.40170955657958984
200,729.6285285949707,9999,-0.41074495315551757,-0.38691839575767517
201,733.2581906318665,10049,-0.42439454793930054,-0.3228782117366791
202,736.841516494751,10099,-0.41033380150794985,-0.38540515303611755
203,740.4548201560974,10149,-0.4201572436094284,-0.40167349576950073
204,744.087072134018,10199,-0.42472948849201203,-0.37760594487190247
205,747.7743437290192,10249,-0.4080449867248535,-0.39710697531700134
206,751.4714138507843,10299,-0.4237991523742676,-0.3981810510158539
207,755.0326638221741,10349,-0.4145506632328033,-0.403031587600708
208,758.6552641391754,10399,-0.42670306146144865,-0.38497188687324524
209,759.8628852367401,10449,-0.41286581158638,-0.39750438928604126
210,763.4045948982239,10499,-0.4190857607126236,-0.40564194321632385
211,767.0219345092773,10549,-0.4310754150152206,-0.3900133967399597
212,770.6181330680847,10599,-0.4048886579275131,-0.36555925011634827
213,774.2611398696899,10649,-0.42265820026397705,-0.37491655349731445
214,777.8408894538879,10699,-0.415812674164772,-0.40382468700408936
215,781.4247512817383,10749,-0.4260541808605194,-0.3239235579967499
216,784.8932266235352,10799,-0.4199468898773193,-0.4021654725074768
217,788.4305174350739,10849,-0.41684741258621216,-0.3933849334716797
218,789.6877417564392,10899,-0.42836728096008303,-0.3979279398918152
219,793.0507054328918,10949,-0.4134991145133972,-0.3849949538707733
220,796.6308302879333,10999,-0.4250269728899002,-0.3891007602214813
221,800.2276544570923,11049,-0.4185804271697998,-0.39550715684890747
222,803.7712526321411,11099,-0.42415701389312743,-0.4013775885105133
223,807.3473210334778,11149,-0.42564850091934203,-0.3359465003013611
224,810.9007074832916,11199,-0.4153264182806015,-0.3929535746574402
225,814.3289506435394,11249,-0.43036489069461825,-0.39970290660858154
226,817.5899333953857,11299,-0.4155591034889221,-0.39405113458633423
227,818.6300051212311,11349,-0.4249773091077805,-0.3745591938495636
228,822.075249671936,11399,-0.4240963518619537,-0.3902064263820648
229,825.3915107250214,11449,-0.42158676087856295,-0.39086413383483887
230,828.9510397911072,11499,-0.4285196763277054,-0.39808952808380127
231,832.3843441009521,11549,-0.4150645923614502,-0.4029921889305115
232,835.9631898403168,11599,-0.43275471866130827,-0.38920480012893677
233,839.5377695560455,11649,-0.4173894989490509,-0.39793211221694946
234,843.0702834129333,11699,-0.42512457847595214,-0.40256235003471375
235,846.657063961029,11749,-0.42635155856609347,-0.40100884437561035
236,848.0472121238708,11799,-0.4180609607696533,-0.40178191661834717
237,851.3885200023651,11849,-0.4335410261154175,-0.3999643921852112
238,855.0127968788147,11899,-0.4162257820367813,-0.4010513126850128
239,858.5961599349976,11949,-0.4312725114822388,-0.3590751588344574
240,862.2082200050354,11999,-0.4251671063899994,-0.39108145236968994
241,865.8632390499115,12049,-0.4184864604473114,-0.39475351572036743
242,869.4886150360107,12099,-0.43100555539131163,-0.40304920077323914
243,873.0715897083282,12149,-0.41985647797584535,-0.39953893423080444
244,876.6872282028198,12199,-0.4351993751525879,-0.3462202250957489
245,878.0356183052063,12249,-0.4183323836326599,-0.3868468403816223
246,881.5882496833801,12299,-0.4312419813871384,-0.4039228558540344
247,885.1646263599396,12349,-0.4303043705224991,-0.3874076306819916
248,888.7435982227325,12399,-0.4181409823894501,-0.3995279371738434
249,892.3732802867889,12449,-0.4280768030881882,-0.39953622221946716
250,896.0049664974213,12499,-0.4220334893465042,-0.3956300914287567
251,899.613331079483,12549,-0.43607738077640534,-0.35209396481513977
252,903.2379701137543,12599,-0.4215543496608734,-0.38840749859809875
253,906.7406339645386,12649,-0.42968722283840177,-0.40371406078338623
254,908.1099469661713,12699,-0.4379010099172592,-0.31559836864471436
255,911.7343006134033,12749,-0.41473126113414766,-0.4020196795463562
256,915.21524310112,12799,-0.42901669919490815,-0.3879038095474243
257,918.786349773407,12849,-0.4246271252632141,-0.400136262178421
258,922.2689046859741,12899,-0.4340152823925018,-0.39290592074394226
259,925.8335444927216,12949,-0.4252716100215912,-0.39843159914016724
260,929.3425524234772,12999,-0.4266726714372635,-0.39623793959617615
261,932.8682246208191,13049,-0.4388124495744705,-0.3961981534957886
262,936.5019116401672,13099,-0.4177482795715332,-0.3973615765571594
263,937.8274669647217,13149,-0.4316247493028641,-0.40831640362739563
264,941.4195263385773,13199,-0.42741468191146853,-0.3507568836212158
265,944.9799692630768,13249,-0.431518589258194,-0.3884323835372925
266,948.5793688297272,13299,-0.43434501230716704,-0.354686439037323
267,952.16415143013,13349,-0.42227361619472503,-0.38662993907928467
268,955.7188701629639,13399,-0.43862361371517183,-0.3799089193344116
269,959.4785671234131,13449,-0.4213517826795578,-0.3820277154445648
270,963.1658215522766,13499,-0.431154825091362,-0.3692420423030853
271,966.7664105892181,13549,-0.43211294531822203,-0.4053696393966675
272,968.0433733463287,13599,-0.4304923093318939,-0.40343961119651794
273,971.6834199428558,13649,-0.43716453373432157,-0.39590904116630554
274,975.309113740921,13699,-0.42341058850288393,-0.3942076861858368
275,978.9157023429871,13749,-0.4408137822151184,-0.3810420036315918
276,982.6998383998871,13799,-0.4231542140245438,-0.3982793986797333
277,986.4253389835358,13849,-0.4344881743192673,-0.40268078446388245
278,990.0501267910004,13899,-0.4326299089193344,-0.39820459485054016
279,993.6629977226257,13949,-0.4288502436876297,-0.4003554582595825
280,997.2630531787872,13999,-0.44085415184497834,-0.40123671293258667
281,998.5715837478638,14049,-0.4227043068408966,-0.40216732025146484
282,1002.0798354148865,14099,-0.4409825021028519,-0.3873952627182007
283,1005.6141955852509,14149,-0.4310984343290329,-0.38774335384368896
284,1009.1412506103516,14199,-0.4294934719800949,-0.3926742672920227
285,1012.7169728279114,14249,-0.4372619539499283,-0.40369144082069397
286,1016.3302638530731,14299,-0.4274500113725662,-0.40540340542793274
287,1019.8101320266724,14349,-0.4430383139848709,-0.36825481057167053
288,1023.4320147037506,14399,-0.428014914393425,-0.3943682610988617
289,1027.0798785686493,14449,-0.43562450766563415,-0.4009835124015808
290,1028.471833229065,14499,-0.43929214894771573,-0.3495921790599823
291,1032.0893623828888,14549,-0.4260029584169388,-0.4053603410720825
292,1035.6585948467255,14599,-0.4370604056119919,-0.3818165957927704
293,1039.2086155414581,14649,-0.4320137214660644,-0.36722201108932495
294,1042.628219127655,14699,-0.4428622132539749,-0.39064788818359375
295,1046.1660747528076,14749,-0.42910018265247346,-0.40059739351272583
296,1049.7504346370697,14799,-0.43658719897270204,-0.36578434705734253
297,1053.2182848453522,14849,-0.4437392944097519,-0.3805178999900818
298,1056.6248347759247,14899,-0.4228246504068375,-0.3558109402656555
299,1057.7574706077576,14949,-0.43729547917842865,-0.3813115060329437
300,1061.2397077083588,14999,-0.433479300737381,-0.4061572253704071
301,1064.7384097576141,15049,-0.44159567952156065,-0.39787986874580383
302,1068.2970378398895,15099,-0.43212682962417603,-0.4007445275783539
303,1071.8087105751038,15149,-0.4344954591989517,-0.402492493391037
304,1075.2524313926697,15199,-0.448264337182045,-0.39628905057907104
305,1078.8254661560059,15249,-0.42422142505645755,-0.39758458733558655
306,1082.2880392074585,15299,-0.43572705090045927,-0.4076227843761444
307,1085.8486897945404,15349,-0.4346452569961548,-0.359404593706131
308,1087.1172368526459,15399,-0.442378956079483,-0.40479034185409546
309,1090.680861234665,15449,-0.4399981635808945,-0.3919591009616852
310,1094.2931666374207,15499,-0.42909481942653654,-0.3895241916179657
311,1097.7525107860565,15549,-0.446204822063446,-0.40023136138916016
312,1101.352869272232,15599,-0.43262872874736785,-0.3896232545375824
313,1104.9870429039001,15649,-0.43812870264053344,-0.37239259481430054
314,1108.6287138462067,15699,-0.4366804242134094,-0.40474793314933777
315,1112.2351138591766,15749,-0.43745997846126555,-0.4037344753742218
316,1115.7942671775818,15799,-0.44259018421173096,-0.3949401080608368
317,1117.152235031128,15849,-0.42935301959514616,-0.38521555066108704
318,1120.633398771286,15899,-0.4443187952041626,-0.40144646167755127
319,1124.1519618034363,15949,-0.43215824604034425,-0.39679083228111267
320,1127.7146124839783,15999,-0.43932479202747343,-0.3978256285190582
321,1131.305083990097,16049,-0.44123539865016936,-0.396478533744812
322,1134.8800961971283,16099,-0.43332239747047424,-0.39048460125923157
323,1138.4523293972015,16149,-0.44712390542030334,-0.400615394115448
324,1142.0642158985138,16199,-0.42976882874965666,-0.4014527499675751
325,1145.6794488430023,16249,-0.44595404744148254,-0.3651399314403534
326,1146.982801437378,16299,-0.4358957344293594,-0.3739970624446869
327,1150.6099560260773,16349,-0.4384218406677246,-0.3970034718513489
328,1154.19087600708,16399,-0.4430603337287903,-0.4026087522506714
329,1157.8243343830109,16449,-0.4345195144414902,-0.40370064973831177
330,1161.436130285263,16499,-0.45045930325984956,-0.3949316442012787
331,1165.0808260440826,16549,-0.43384312748909,-0.39687207341194153
332,1168.7614362239838,16599,-0.44408284723758695,-0.396086722612381
333,1172.2855517864227,16649,-0.4424108737707138,-0.3758503794670105
334,1175.6821162700653,16699,-0.432288818359375,-0.40052226185798645
335,1176.8938019275665,16749,-0.4466599404811859,-0.39590349793434143
336,1180.4476583003998,16799,-0.43777615010738374,-0.38333097100257874
337,1183.9327101707458,16849,-0.4499235951900482,-0.3966352343559265
338,1187.1168189048767,16899,-0.43604806303977967,-0.39976438879966736
339,1190.6370680332184,16949,-0.4446009904146194,-0.31729575991630554
340,1194.2659878730774,16999,-0.44952455461025237,-0.39605966210365295
341,1197.8920304775238,17049,-0.4300933003425598,-0.33156049251556396
342,1201.5749294757843,17099,-0.4462992751598358,-0.39679697155952454
343,1205.2759342193604,17149,-0.43897090971469876,-0.3952252268791199
344,1208.8219883441925,17199,-0.447816361784935,-0.39700639247894287
345,1210.1205809116364,17249,-0.44002524137496946,-0.40139463543891907
346,1213.7798390388489,17299,-0.44372667849063874,-0.39617905020713806
347,1217.4409999847412,17349,-0.4540537816286087,-0.4042187035083771
348,1221.0644750595093,17399,-0.4295964014530182,-0.3466924726963043
349,1224.7331988811493,17449,-0.44440932393074034,-0.4127596914768219
350,1228.4171679019928,17499,-0.4421216863393784,-0.34170231223106384
351,1231.9988334178925,17549,-0.45024330496788023,-0.4030238389968872
352,1235.6352739334106,17599,-0.4459598124027252,-0.3485237956047058
353,1236.9383068084717,17649,-0.43549834728240966,-0.39009201526641846
354,1240.513409614563,17699,-0.4505719172954559,-0.3976293206214905
355,1244.1030519008636,17749,-0.4377688318490982,-0.3983902335166931
356,1247.7178802490234,17799,-0.44671729803085325,-0.3837483525276184
357,1251.2716631889343,17849,-0.442648144364357,-0.401077002286911
358,1254.9221513271332,17899,-0.44762855768203735,-0.40416061878204346
359,1258.5433111190796,17949,-0.45026560544967653,-0.39231178164482117
360,1262.0741126537323,17999,-0.4376049995422363,-0.3958144187927246
361,1265.6078901290894,18049,-0.45446173489093783,-0.40157753229141235
362,1266.9093358516693,18099,-0.44073308646678927,-0.3912957012653351
363,1270.4605560302734,18149,-0.44792716562747953,-0.4000784754753113
364,1274.0037314891815,18199,-0.4482013648748398,-0.3976205885410309
365,1277.6230008602142,18249,-0.4437109261751175,-0.37221649289131165
366,1281.1676211357117,18299,-0.4531585294008255,-0.3973864018917084
367,1284.7616829872131,18349,-0.4389444386959076,-0.404527485370636
368,1288.456140756607,18399,-0.4541374123096466,-0.39471572637557983
369,1291.939045906067,18449,-0.44271569967269897,-0.35300788283348083
370,1295.1401815414429,18499,-0.44849952816963196,-0.38737544417381287
371,1298.5742044448853,18549,-0.4509123176336288,-0.4026983082294464
372,1299.7510735988617,18599,-0.4432254058122635,-0.40169039368629456
373,1303.0902585983276,18649,-0.45483792006969453,-0.3745375871658325
374,1306.4457564353943,18699,-0.44109482765197755,-0.39920154213905334
375,1309.974403142929,18749,-0.4532476830482483,-0.4023430347442627
376,1313.464506149292,18799,-0.44956318378448484,-0.34565749764442444
377,1316.951229095459,18849,-0.4421125155687332,-0.3928084969520569
378,1320.5086483955383,18899,-0.4554246109724045,-0.4008411765098572
379,1324.1251828670502,18949,-0.4443485814332962,-0.37977835536003113
380,1327.6923112869263,18999,-0.45586442708969116,-0.4026063084602356
381,1329.1038701534271,19049,-0.4437093931436539,-0.40133431553840637
382,1332.7016746997833,19099,-0.4518733823299408,-0.37937653064727783
383,1336.2360427379608,19149,-0.4559324663877487,-0.3889903426170349
384,1339.7413766384125,19199,-0.43914012491703036,-0.3833412528038025
385,1343.4260439872742,19249,-0.45495405614376067,-0.3989168405532837
386,1347.0680775642395,19299,-0.44688625514507296,-0.3985896408557892
387,1350.6387758255005,19349,-0.45576694190502165,-0.39558324217796326
388,1354.124404668808,19399,-0.4455849152803421,-0.384132981300354
389,1357.653166294098,19449,-0.4511274892091751,-0.4040529131889343
390,1358.9596297740936,19499,-0.46196872770786285,-0.4079653024673462
391,1362.613932132721,19549,-0.43706892848014833,-0.3944720923900604
392,1366.185747385025,19599,-0.4530847895145416,-0.3713766634464264
393,1369.8121418952942,19649,-0.4489314579963684,-0.391955703496933
394,1373.4049310684204,19699,-0.45508945286273955,-0.40329092741012573
395,1377.109652042389,19749,-0.4517741060256958,-0.36265134811401367
396,1380.734409570694,19799,-0.4481482481956482,-0.39102673530578613
397,1384.300584077835,19849,-0.46012076079845426,-0.39114895462989807
398,1387.8577234745026,19899,-0.4440612381696701,-0.3951095640659332
399,1389.0115957260132,19949,-0.4553686392307281,-0.3600200414657593
400,1392.4005513191223,19999,-0.44878761768341063,-0.38075464963912964
401,1395.7844133377075,20049,-0.45305069625377653,-0.3949643075466156
402,1399.285539150238,20099,-0.45536324799060823,-0.3524630665779114
403,1402.8448083400726,20149,-0.44557027518749237,-0.3986055552959442
404,1406.5208895206451,20199,-0.46127538084983827,-0.39474114775657654
405,1410.0721764564514,20249,-0.4454874926805496,-0.3545581102371216
406,1413.5348718166351,20299,-0.4558913004398346,-0.40069296956062317
407,1417.0443732738495,20349,-0.45394410729408263,-0.3971952795982361
408,1418.099198102951,20399,-0.449946728348732,-0.31751352548599243
409,1421.7040317058563,20449,-0.45765890419483185,-0.38407087326049805
410,1425.212925195694,20499,-0.4455029606819153,-0.406364381313324
411,1428.7695043087006,20549,-0.4635259795188904,-0.4012099504470825
412,1432.333663702011,20599,-0.4477620661258698,-0.39429980516433716
413,1435.9179646968842,20649,-0.4566208863258362,-0.3895825743675232
414,1439.5261821746826,20699,-0.4572415059804916,-0.4024806022644043
415,1443.1773188114166,20749,-0.4485940778255463,-0.39205271005630493
416,1446.8546814918518,20799,-0.46182700514793396,-0.375982403755188
417,1448.282308101654,20849,-0.4463320082426071,-0.4035608172416687
418,1451.9506769180298,20899,-0.46182512819766997,-0.4038137197494507
419,1455.59899020195,20949,-0.4560468912124634,-0.3775280714035034
420,1459.188082933426,20999,-0.45074384450912475,-0.3884420394897461
421,1462.7507526874542,21049,-0.46026923656463625,-0.39108335971832275
422,1466.4242565631866,21099,-0.449593043923378,-0.38648900389671326
423,1469.976717710495,21149,-0.4621267741918564,-0.3985467255115509
424,1473.5662353038788,21199,-0.44784159898757936,-0.3976786732673645
425,1477.1624007225037,21249,-0.46160108149051665,-0.3987669050693512
426,1478.450523853302,21299,-0.4605599731206894,-0.40051692724227905
427,1482.0641469955444,21349,-0.447662980556488,-0.3957115113735199
428,1485.5805022716522,21399,-0.45853766560554504,-0.3710412383079529
429,1489.1728086471558,21449,-0.45028146624565124,-0.3859037458896637
430,1492.8045854568481,21499,-0.4620258402824402,-0.3763605058193207
431,1496.4230258464813,21549,-0.44964773178100587,-0.3959483802318573
432,1500.0681502819061,21599,-0.45828904628753664,-0.4055841863155365
433,1503.6385419368744,21649,-0.4669510841369629,-0.4057639539241791
434,1507.2358705997467,21699,-0.44558888375759126,-0.37628600001335144
435,1508.5112562179565,21749,-0.45772223472595214,-0.39924365282058716
436,1512.1120777130127,21799,-0.4537197834253311,-0.3878929913043976
437,1515.631443977356,21849,-0.4610751557350159,-0.3889414072036743
438,1519.2371652126312,21899,-0.45196658551692964,-0.3835074007511139
439,1522.5774502754211,21949,-0.4548185193538666,-0.39093858003616333
440,1526.1600351333618,21999,-0.4688797342777252,-0.39771226048469543
441,1529.7584252357483,22049,-0.4486212354898453,-0.403788298368454
442,1533.331859588623,22099,-0.46071785092353823,-0.32678481936454773
443,1536.8376257419586,22149,-0.4558079272508621,-0.38891133666038513
444,1538.1984021663666,22199,-0.4581704550981522,-0.40419164299964905
445,1541.6745116710663,22249,-0.46086215555667875,-0.3886638283729553
446,1545.1283252239227,22299,-0.4491571635007858,-0.4074306786060333
447,1548.7192227840424,22349,-0.4677971124649048,-0.39950376749038696
448,1552.3009719848633,22399,-0.4522285932302475,-0.3697965741157532
449,1555.8855695724487,22449,-0.46066099524497983,-0.3955775797367096
450,1559.4299790859222,22499,-0.4591354441642761,-0.3996129631996155
451,1563.0600905418396,22549,-0.45639308631420133,-0.3914102613925934
452,1566.6578216552734,22599,-0.46321461915969847,-0.3921268880367279
453,1567.9420776367188,22649,-0.4491858947277069,-0.4018366038799286
454,1571.5068452358246,22699,-0.4683868503570557,-0.4000711441040039
455,1575.0882034301758,22749,-0.45184375524520876,-0.3864070177078247
456,1578.6961646080017,22799,-0.4645743232965469,-0.40144869685173035
457,1582.309642314911,22849,-0.46063564717769623,-0.34201857447624207
458,1585.9950280189514,22899,-0.45316859483718874,-0.3873603343963623
459,1589.491866350174,22949,-0.46566814482212066,-0.3730630576610565
460,1593.068520307541,22999,-0.44805265426635743,-0.4059410095214844
461,1596.6463520526886,23049,-0.4668353325128555,-0.3988274335861206
462,1597.9253900051117,23099,-0.4589648723602295,-0.39587005972862244
463,1601.5313816070557,23149,-0.4601790797710419,-0.3836729824542999
464,1605.178394317627,23199,-0.46562455236911776,-0.39830461144447327
465,1608.778252363205,23249,-0.45183752834796903,-0.3906552493572235
466,1612.4095888137817,23299,-0.46636984586715696,-0.3990808129310608
467,1616.010451555252,23349,-0.4530290538072586,-0.39465874433517456
468,1619.5951664447784,23399,-0.46241884589195253,-0.39354729652404785
469,1623.1681833267212,23449,-0.46650380074977876,-0.40447649359703064
470,1626.6857619285583,23499,-0.45658015489578246,-0.3648863136768341
471,1627.9726195335388,23549,-0.46565573930740356,-0.38882702589035034
472,1631.5438859462738,23599,-0.45525895297527313,-0.3844533860683441
473,1635.1790215969086,23649,-0.46519627392292023,-0.3895491659641266
474,1638.7718122005463,23699,-0.45476840794086454,-0.39160171151161194
475,1642.3478491306305,23749,-0.4633430278301239,-0.40073123574256897
476,1646.0075011253357,23799,-0.4706758141517639,-0.4030715823173523
477,1649.6545405387878,23849,-0.45327127575874326,-0.34378114342689514
478,1653.264524936676,23899,-0.46597603142261507,-0.4055997431278229
479,1656.8471930027008,23949,-0.45838398098945615,-0.3800241947174072
480,1661.1766583919525,23999,-0.4470591402053833,-0.41791006922721863
481,1666.09201836586,24049,-0.4551996886730194,-0.41637861728668213
482,1671.5107486248016,24099,-0.45547073006629946,-0.41734638810157776
483,1676.587387084961,24149,-0.459032781124115,-0.4190972149372101
484,1681.4157679080963,24199,-0.46299844682216645,-0.41991618275642395
485,1686.4423060417175,24249,-0.4602042180299759,-0.4200301468372345
486,1689.029666185379,24299,-0.4653231757879257,-0.41242533922195435
487,1693.9023933410645,24349,-0.46598478019237516,-0.41838499903678894
488,1698.803480386734,24399,-0.46538907051086426,-0.4194366931915283
489,1703.7109324932098,24449,-0.4665237307548523,-0.4208686947822571
490,1708.8114221096039,24499,-0.47102644979953767,-0.4102265536785126
491,1713.5914483070374,24549,-0.4672051590681076,-0.4124341309070587
492,1718.296903371811,24599,-0.47133818387985227,-0.4190532863140106
493,1720.666762828827,24649,-0.47267794847488404,-0.41837483644485474
494,1725.3873100280762,24699,-0.47004026889801026,-0.4199693500995636
495,1730.151640176773,24749,-0.47380118429660795,-0.415099173784256
496,1735.0704221725464,24799,-0.4749428516626358,-0.41893795132637024
497,1739.6550989151,24849,-0.47248696744441987,-0.4123455286026001
498,1744.1449747085571,24899,-0.47421432614326475,-0.41754117608070374
499,1746.716965675354,24949,-0.47724787473678587,-0.41072380542755127
500,1751.319111585617,24999,-0.47153136134147644,-0.3948451280593872
501,1756.1002502441406,25049,-0.47828038334846495,-0.41661059856414795
502,1760.7818005084991,25099,-0.47723688662052155,-0.4115627110004425
503,1765.5684416294098,25149,-0.47465501189231873,-0.4162096381187439
504,1770.3893399238586,25199,-0.4786385315656662,-0.4011867046356201
505,1775.1107671260834,25249,-0.47857386469841,-0.41575759649276733
506,1777.30916762352,25299,-0.4740468376874924,-0.408433198928833
507,1781.767983675003,25349,-0.4772025567293167,-0.41336995363235474
508,1786.5181477069855,25399,-0.4780646884441376,-0.4111599028110504
509,1790.917130947113,25449,-0.4741176861524582,-0.3620149493217468
510,1795.2727303504944,25499,-0.47961329996585844,-0.41527000069618225
511,1799.943919658661,25549,-0.4779766535758972,-0.40939652919769287
512,1804.8180305957794,25599,-0.47559542298316954,-0.40923604369163513
513,1807.0763969421387,25649,-0.4794541370868683,-0.4041132628917694
514,1811.7624869346619,25699,-0.4788030850887299,-0.41385528445243835
515,1816.695672750473,25749,-0.4763403421640396,-0.41120147705078125
516,1821.5271100997925,25799,-0.48017148733139037,-0.39481592178344727
517,1826.4652025699615,25849,-0.48005719602108,-0.4063369631767273
518,1831.2579894065857,25899,-0.4771902859210968,-0.35797563195228577
519,1836.3914272785187,25949,-0.4823993921279907,-0.4088764488697052
520,1838.9166646003723,25999,-0.47959816992282867,-0.4055459797382355
521,1843.8580396175385,26049,-0.47976901948451994,-0.4079441428184509
522,1848.83815407753,26099,-0.4834582781791687,-0.4111178517341614
523,1853.7603676319122,26149,-0.47905449390411375,-0.41301754117012024
524,1858.4995918273926,26199,-0.4795903581380844,-0.4157473146915436
525,1863.033305644989,26249,-0.4822120052576065,-0.4101569652557373
526,1867.9244153499603,26299,-0.48105700969696047,-0.4104105830192566
527,1870.5038635730743,26349,-0.47933774054050443,-0.40135666728019714
528,1875.1999135017395,26399,-0.48418446004390714,-0.41032615303993225
529,1879.7079784870148,26449,-0.4816871118545532,-0.40334200859069824
530,1884.1378014087677,26499,-0.48351265251636505,-0.41352853178977966
531,1888.6555740833282,26549,-0.4865596044063568,-0.4178348183631897
532,1893.264224767685,26599,-0.48272908687591554,-0.4119958281517029
533,1897.9080302715302,26649,-0.48567886590957643,-0.4098067581653595
534,1900.1277039051056,26699,-0.4864872646331787,-0.38104966282844543
535,1904.9455034732819,26749,-0.48536490976810454,-0.3927970826625824
536,1909.3345046043396,26799,-0.4851971501111984,-0.3872847557067871
537,1913.835232257843,26849,-0.48752021372318266,-0.41354283690452576
538,1918.1884760856628,26899,-0.4860494291782379,-0.4098726511001587
539,1922.937109708786,26949,-0.48716297924518587,-0.39763498306274414
540,1927.8030700683594,26999,-0.4882301187515259,-0.41045671701431274
541,1930.4805994033813,27049,-0.48545569777488706,-0.4041081964969635
542,1935.1610822677612,27099,-0.48818846106529235,-0.40666618943214417
543,1939.9793102741241,27149,-0.48846889615058897,-0.3960956633090973
544,1944.7459034919739,27199,-0.48674813628196717,-0.407073974609375
545,1949.5562913417816,27249,-0.4871901619434357,-0.39814096689224243
546,1954.0623848438263,27299,-0.4894729334115982,-0.3926478624343872
547,1959.808569908142,27349,-0.4836579144001007,-0.413656622171402
548,1969.0949392318726,27399,-0.48583121836185456,-0.3986852765083313
549,1978.3881714344025,27449,-0.48767136573791503,-0.4042169451713562
550,1987.746506690979,27499,-0.4910955274105072,-0.4164932370185852
551,1994.7444727420807,27549,-0.4933482825756073,-0.4070592224597931
552,2004.1131942272186,27599,-0.49315700709819793,-0.4126286208629608
553,2013.5135893821716,27649,-0.4942821019887924,-0.4112633466720581
554,2020.4641664028168,27699,-0.49562917530536654,-0.4158000946044922
555,2029.7293181419373,27749,-0.4945720773935318,-0.4012247622013092
556,2039.0687584877014,27799,-0.49487331092357634,-0.40823474526405334
557,2048.3979046344757,27849,-0.49605598628520964,-0.38216426968574524
558,2055.4533479213715,27899,-0.4931493979692459,-0.4005196690559387
559,2064.745057821274,27949,-0.49193762242794037,-0.4166499376296997
560,2074.038714647293,27999,-0.494306423664093,-0.4066909849643707
561,2081.0397758483887,28049,-0.4925443786382675,-0.4076117277145386
562,2090.467806339264,28099,-0.4929878175258636,-0.3753984868526459
563,2099.881573200226,28149,-0.49543449997901917,-0.4183637201786041
564,2106.833161830902,28199,-0.4956163489818573,-0.38388270139694214
565,2116.0926098823547,28249,-0.4964101922512054,-0.41581183671951294
566,2125.4559631347656,28299,-0.4994801646471024,-0.3950512111186981
567,2134.9910364151,28349,-0.4979635351896286,-0.4060267210006714
568,2141.960889339447,28399,-0.49758016645908354,-0.40887483954429626
569,2151.204609632492,28449,-0.4994347524642944,-0.3776434361934662
570,2160.484279870987,28499,-0.49926896035671237,-0.4160551428794861
571,2167.635483264923,28549,-0.4982654494047165,-0.3774343729019165
572,2176.9532477855682,28599,-0.5002918207645416,-0.4148766100406647
573,2186.3022062778473,28649,-0.4993110251426697,-0.4061107635498047
574,2195.6101500988007,28699,-0.4992168027162552,-0.4088543951511383
575,2202.6785287857056,28749,-0.5009513854980469,-0.40364640951156616
576,2212.058548927307,28799,-0.5008848571777343,-0.393268883228302
577,2221.3876736164093,28849,-0.4992454546689987,-0.40914440155029297
578,2228.3822519779205,28899,-0.5010256856679917,-0.37367650866508484
579,2237.664098262787,28949,-0.5019922822713851,-0.40016934275627136
580,2248.216564178467,28999,-0.49967755138874054,-0.3437497913837433
581,2265.7528126239777,29049,-0.4961749595403671,-0.4191454350948334
582,2285.187920808792,29099,-0.5024222356081008,-0.4149300754070282
583,2302.2500846385956,29149,-0.506296135187149,-0.41583216190338135
584,2319.311808824539,29199,-0.5071224057674408,-0.41584834456443787
585,2338.6060433387756,29249,-0.5082407963275909,-0.4130724370479584
586,2355.6512138843536,29299,-0.5072742134332657,-0.4160504639148712
587,2375.057750940323,29349,-0.5067734950780869,-0.4105697274208069
588,2392.0530619621277,29399,-0.5083317929506301,-0.4192940592765808
589,2408.9983355998993,29449,-0.509532727599144,-0.4162341058254242
590,2428.2664074897766,29499,-0.5098303472995758,-0.4083620011806488
591,2445.1078016757965,29549,-0.5108024519681931,-0.4098525941371918
592,2896.057703733444,29599,-0.5091821676492692,-0.4184804856777191
593,3402.0455203056335,29649,-0.5141228765249253,-0.42062827944755554
594,3908.7560329437256,29699,-0.5158885365724564,-0.41572216153144836
595,4415.00850892067,29749,-0.5153484272956849,-0.4142507016658783
596,4922.270869016647,29799,-0.5143034034967422,-0.4166029095649719
